id ,position.x,position.y,position.z,orientation.x,orientation.y,orientation.z,orientation.w
1,-26.33730698,-25.33811951,0.0 ,0.0 ,0.0 ,-0.006803292,0.999976857
2,-118.4512329,-24.51916885,0,0,0,-0.04058337,0.999176156
